Bid Number,Source ID,Bid Status,Quantity,Start Date,End Date,Buyer Name,Buyer Ministry,Buyer Organisation,Total Tech Sellers,Qualified Sellers,Disqualified Sellers,Financial L1 Seller,Financial L1 Price
GEM/2023/B/4318172,5715415,Active,270,09-12-2023 17:28:03,19-12-2023 18:00:00,Sunil Kumar Yadav,Ministry Of Coal,South Eastern Coalfields Limited,8,0,0,,
GEM/2023/B/4240193,5630724,Active,176,05-12-2023 10:38:05,26-12-2023 11:00:00,Kundan Kumar Dubey,Ministry Of Heavy Industries And Public Enterprises,Bharat Heavy Electricals Limited (bhel),20,0,0,,
GEM/2023/B/4386212,5789479,Active,56,09-01-2024 12:33:15,30-01-2024 09:00:00,Shailender Singh,Ministry Of Power,Nhpc Limited,23,0,0,,
GEM/2024/B/4452363,5862005,Active,7,08-01-2024 16:12:14,13-03-2024 15:00:00,Uday Anand,Ministry Of Steel,Rourkela Steel Plant,0,0,0,N/A,N/A
GEM/2023/B/4309262,5705747,Active,12,18-01-2024 13:22:28,08-02-2024 14:00:00,Deo Kumar Singh,Ministry Of Coal,Northern Coalfields Limited,8,1,7,N/A,N/A
GEM/2024/B/4486988,5899589,Active,4,15-01-2024 17:54:22,24-02-2024 15:00:00,Anil Kumar,Ministry Of Petroleum And Natural Gas,Gail India Limited,5,0,0,,
GEM/2024/B/4480733,5892730,Active,50,24-01-2024 13:32:16,17-02-2024 15:00:00,Debasish Kujur,Ministry Of Coal,Mahanadi Coalfields Limited,7,0,0,,
GEM/2024/B/4524073,5940369,Active,2,23-01-2024 18:29:09,02-02-2024 19:00:00,***********,Ministry Of Defence,Indian Navy,6,2,4,GLOBAL PRECISION INDUSTRIES (MSE) ( MSE Social Category:General ) Under PMA,` 396000.00
GEM/2024/B/4539263,5956801,Active,64,27-01-2024 09:40:53,12-02-2024 10:00:00,Binduja Menon,Ministry Of Chemicals And Fertilizers,The Fertilisers And Chemicals Travancore Limited,22,0,0,,
GEM/2024/B/4460512,5870774,Active,44,02-02-2024 20:14:34,23-02-2024 12:00:00,Raj Kumar,,N/a,5,0,0,,
GEM/2024/B/4598663,6022028,Active,20,09-02-2024 17:30:42,01-03-2024 18:00:00,Om Prakash Uday,Ministry Of Steel,Kiocl Limited,29,15,14,ACTIVE FLOW CONTROLS (MSE) ( MSE Social Category:General ) Under PMA,` 124670.00
GEM/2024/R/331738,6340639,,10,,,Aman Kumar,Ministry Of Steel,Bokaro Steel Plant,0,0,0,N/A,N/A
GEM/2024/B/4693072,6125607,Active,64,28-02-2024 11:34:15,18-03-2024 18:00:00,Pradeepta Kumar Chinara,Ministry Of Coal,Mahanadi Coalfields Limited,5,0,0,,
GEM/2024/B/4634132,6060828,Active,19,26-02-2024 17:29:43,11-04-2024 11:00:00,Sudhakar Narasimham Earla,Pmo,Nuclear Power Corporation Of India Limited,2,1,1,USMANI TUBES AND VALVES COMPANY PRIVATE LIMITED Under PMA,` 127089.00
GEM/2024/B/4760455,6199922,Active,87,10-03-2024 18:11:15,01-04-2024 19:00:00,Ulli Srikanth Ganesh,Ministry Of Coal,Western Coalfields Ltd,17,0,0,,
GEM/2024/R/317607,6198318,,8,,,Animesh Jain,Ministry Of Steel,Bokaro Steel Plant,0,0,0,FLUIDTECH EQUIPMENT PRIVATE LIMITED (MII) Under PMA,` 698305.09
GEM/2024/B/4485147,5897567,Active,18,16-01-2024 16:06:31,27-01-2024 14:00:00,Shailesh Kumar Pathak,Ministry Of Steel,Bokaro Steel Plant,14,0,0,,
GEM/2024/B/4486376,5898926,Active,117,15-01-2024 16:22:46,25-01-2024 17:00:00,Souryadeep Kumar,Ministry Of Steel,Rourkela Steel Plant,18,0,0,,
GEM/2024/B/4425640,5832869,Active,5,03-01-2024 11:16:10,22-01-2024 09:00:00,Nivedita Dhiman,Ministry Of Power,Power Grid Corporation Of India Limited,3,2,1,G.M. DALUI & SONS PRIVATE LIMITED ( MSE Social Category:General ) Under PMA,` 53134.95
GEM/2024/B/4479199,5891039,Active,20,13-01-2024 09:56:41,23-01-2024 16:00:00,***********,Ministry Of Defence,Bharat Earth Movers Limited (beml),12,12,0,SAFE VALVES (MII) Under PMA,` 11760.00
GEM/2024/R/347392,6519031,,1,,,Mojahid Hussain,Ministry Of Heavy Industries And Public Enterprises,Bharat Heavy Electricals Limited (bhel),0,0,0,"G.M. DALUI & SONS PRIVATE LIMITED (MSE,MII) Under PMA",` 466000.00
GEM/2024/R/426263,7299672,,5,,,Govinda Mahato,Ministry Of Heavy Industries And Public Enterprises,Bharat Heavy Electricals Limited (bhel),0,0,0,AIRA EURO AUTOMATION PRIVATE LIMITED (MII) Under PMA,` 1742535.00
GEM/2025/R/474890,7707828,,15,,,Sumit Das Sarkar,Ministry Of Heavy Industries And Public Enterprises,Bharat Heavy Electricals Limited (bhel),0,0,0,N/A,N/A
GEM/2024/B/5096504,6570079,Active,2,26-06-2024 17:42:54,19-07-2024 14:00:00,Sumit Das Sarkar,Ministry Of Heavy Industries And Public Enterprises,Bharat Heavy Electricals Limited (bhel),0,0,0,N/A,N/A
GEM/2024/R/380738,6877584,,60,,,Sumit Das Sarkar,Ministry Of Heavy Industries And Public Enterprises,Bharat Heavy Electricals Limited (bhel),0,0,0,"FLUID VALVE MANUFACTURING COMPANY (MSE,MII) Under PMA",` 315254.24
GEM/2024/B/5090721,6563818,Active,3,25-06-2024 16:18:00,15-07-2024 12:00:00,N R Sathiyavathi,Pmo,Bharatiya Nabhikiya Vidyut Nigam Limited,1,1,0,DARLING MUESCO (INDIA) PRIVATE LIMITED Under PMA,` 162840.00
GEM/2024/B/4978795,6440943,Active,1,13-06-2024 11:26:38,04-07-2024 15:00:00,Kamla Asiwal,Pmo,Directorate Of Purchase And Stores,7,7,0,CAIR INDIA (MII) Under PMA,` 154219.00
GEM/2024/B/4436269,5844396,Active,18,04-01-2024 17:42:06,25-01-2024 17:00:00,Shailendra Mishra,Ministry Of Mines,Hindustan Copper Limited,13,0,0,,
GEM/2024/B/5074880,6546358,Active,6,21-06-2024 12:48:44,12-07-2024 14:00:00,Aalok Aich,Ministry Of Petroleum And Natural Gas,Hindustan Petroleum Corporation Ltd,12,8,4,"AQUA FLOW TECHNOLOGIES (MSE,MII) Under PMA",` 336005.00
GEM/2024/B/4660081,6089318,Active,141,19-02-2024 18:12:09,29-02-2024 19:00:00,Baidyanath Sahoo,Ministry Of Coal,Mahanadi Coalfields Limited,6,0,0,,
GEM/2024/B/4677044,6107924,Active,54,22-02-2024 17:52:08,14-03-2024 18:00:00,Sundaram S K,Ministry Of Coal,Mahanadi Coalfields Limited,13,0,0,,
GEM/2024/B/4510066,5924759,Active,4,19-01-2024 17:46:23,29-01-2024 18:00:00,***********,Ministry Of Defence,Munitions India Limited,8,6,2,M/s INDIA ENGINEERING VALVE & PIPE FITTING (MII) Under PMA,` 108000.00
GEM/2023/B/4310096,5706628,Active,43,15-12-2023 11:32:25,05-01-2024 12:00:00,Bipin Maurya,Ministry Of Coal,Northern Coalfields Limited,5,0,0,,
GEM/2024/B/4890183,6343918,Active,64,25-04-2024 17:38:32,06-05-2024 18:00:00,Chaudhary Pradeep Kumar,Ministry Of Coal,Northern Coalfields Limited,12,0,0,,
GEM/2024/B/4956944,6416937,Active,114,18-05-2024 15:12:37,28-05-2024 16:00:00,Praveen Kumar,Ministry Of Coal,Northern Coalfields Limited,11,0,0,,
GEM/2023/B/4379883,5782624,Active,335,10-01-2024 17:14:58,31-01-2024 18:00:00,Sonali Agarwal,Ministry Of Power,Ntpc Limited,9,0,0,,
GEM/2024/B/4816728,6262698,Active,6,08-04-2024 12:51:53,29-04-2024 13:00:00,Md Akhtar,Ministry Of Power,Ntpc Tamilnadu Energy Company Ltd,15,15,0,"G.M. DALUI & SONS PRIVATE LIMITED (MSE,MII) ( MSE Social Category:General ) Under PMA",` 1906679.40
GEM/2024/B/5032574,6500135,Active,50,10-06-2024 17:45:38,01-07-2024 18:00:00,Samrath Patidar,Ministry Of Petroleum And Natural Gas,Oil And Natural Gas Corporation Limited,12,3,9,M/S VIKRAM INTERNATIONAL Under PMA,` 181654.00
GEM/2023/B/4275540,5669610,Active,,02-01-2024 10:02:29,23-01-2024 18:00:00,Shraddha Munjewar,Ministry Of Power,Power Grid Corporation Of India Limited,4,3,1,A TO Z VALVES MFG. CO. ( MSE Social Category:General ) Under PMA,` 411339.00
GEM/2024/B/4879419,6332092,Active,18,13-05-2024 14:50:12,28-05-2024 11:00:00,Kiran,Ministry Of Power,Power Grid Corporation Of India Limited,4,4,0,J K SANITATIONS & TOOLS Under PMA,` 282411.00
GEM/2024/B/5014859,6480652,Active,140,06-06-2024 15:47:57,27-06-2024 15:00:00,Pasagada Somasekhara Prasad,Ministry Of Steel,Rashtriya Ispat Nigam Limited,35,0,0,,
GEM/2024/B/5122348,6598560,Active,50,04-07-2024 16:27:33,25-07-2024 17:00:00,Sundaram S K,Ministry Of Coal,Mahanadi Coalfields Limited,7,0,0,,
GEM/2024/B/4898498,6353112,Active,305,29-04-2024 18:51:00,27-05-2024 09:00:00,Abhinav Anil Rajedhar,Ministry Of Coal,South Eastern Coalfields Limited,8,0,0,,
GEM/2024/B/4979769,6442066,Active,126,25-05-2024 16:36:04,20-06-2024 17:00:00,Aditya Dinkar Pawar,Ministry Of Coal,South Eastern Coalfields Limited,4,0,0,,
GEM/2024/B/4595710,6018861,Active,6,09-02-2024 16:27:52,19-02-2024 17:00:00,Udham Singh,,N/a,5,3,2,A.M. ENTERPRISES Under PMA,` 957000.00
GEM/2024/B/4599894,6023369,Active,73,08-02-2024 11:53:14,19-02-2024 12:00:00,Moolchandra Singh,,E-municipalities - Eservices To Citizens And Employees Of Urban Local Bodies Of Uttar Pradesh,9,3,6,S M ENTERPRISES Under PMA,` 3426000.00
GEM/2024/B/4720093,6155294,Active,3,01-03-2024 17:39:14,12-03-2024 10:00:00,Kamakhya Prasad Anand,,N/a,0,0,0,N/A,N/A
GEM/2024/B/4965952,6426939,Active,33,27-05-2024 17:14:42,10-06-2024 11:00:00,Mandar Ramesh Patil,Ministry Of Coal,Western Coalfields Limited,5,0,0,,
GEM/2024/B/4845550,6294788,Active,20,08-04-2024 13:59:50,25-04-2024 16:00:00,Swapnil Shankar Mangare,Ministry Of Coal,Western Coalfields Ltd,3,0,0,,
GEM/2024/R/374062,6813391,,158,,,Mohammed Raziq Khan,Ministry Of Heavy Industries And Public Enterprises,Bharat Heavy Electricals Limited (bhel),0,0,0,N/A,N/A
GEM/2024/B/5151138,6630420,Active,60,15-07-2024 16:27:29,05-08-2024 15:00:00,Pattela Sai Nikhil,Ministry Of Petroleum And Natural Gas,Gail India Limited,16,0,0,,
GEM/2024/B/5157917,6637909,Active,173,15-07-2024 18:09:33,02-08-2024 15:00:00,Satish Kumar Sharma,Ministry Of Power,Ntpc Limited,9,0,0,,
GEM/2024/B/5159432,6639548,Active,36,13-07-2024 17:12:02,10-08-2024 15:00:00,Dushyant Kumar,Ministry Of Heavy Industries And Public Enterprises,Bharat Heavy Electricals Limited (bhel),0,0,0,N/A,N/A
GEM/2024/B/5157062,6636990,Active,147,13-07-2024 15:53:51,23-07-2024 18:00:00,Ayushi Chandel,Ministry Of Steel,Nmdc Steel Limited,7,0,0,,
GEM/2024/B/5175068,6656645,Active,11,24-07-2024 08:32:33,14-08-2024 14:00:00,Supriya Rajesh Bobate,Pmo,Directorate Of Purchase And Stores,26,0,0,,
GEM/2024/B/5161430,6641645,Active,1,17-07-2024 18:23:38,07-08-2024 14:00:00,Supriya Rajesh Bobate,Pmo,Directorate Of Purchase And Stores,3,3,0,"POTENTIAL ENGINEERING (MSE,MII) ( MSE Social Category:General ) Under PMA",` 637200.00
GEM/2024/R/387075,6939091,,1,,,Pralay Shankar Mohanty,Ministry Of Heavy Industries And Public Enterprises,Bharat Heavy Electricals Limited (bhel),0,0,0,"FLUID VALVE MANUFACTURING COMPANY (MSE,MII) Under PMA",` 173000.00
GEM/2024/B/5229474,6716432,Active,47,31-07-2024 11:22:47,21-08-2024 12:00:00,Baidyanath Sahoo,Ministry Of Coal,Mahanadi Coalfields Limited,6,0,0,,
GEM/2024/R/369167,6762623,,34,,,***********,Ministry Of Defence,Indian Army,0,0,0,RBS TRADING (MII) Under PMA,` 1361357.12
GEM/2024/R/381387,6882698,,100,,,Bathina Dinakar Raja,Ministry Of Heavy Industries And Public Enterprises,Bharat Heavy Electricals Limited (bhel),0,0,0,PARIN VALVES PRIVATE LIMITED (MSE) Under PMA,` 80000.00
GEM/2024/B/5246742,6735295,Active,10,03-08-2024 16:12:32,21-08-2024 15:00:00,Sheffy Chhabra,Ministry Of Petroleum And Natural Gas,Hindustan Petroleum Corporation Ltd,12,11,1,WELL CAST INDUSTRIES (MSE) ( MSE Social Category:General ) Under PMA,` 58764.00
GEM/2024/B/5246076,6734545,Active,17,05-08-2024 10:29:54,27-08-2024 11:00:00,Pasagada Somasekhara Prasad,Ministry Of Steel,Rashtriya Ispat Nigam Limited,20,0,0,,
GEM/2024/B/5233171,6720417,Active,8,07-08-2024 15:19:22,07-09-2024 15:00:00,Subhash Singh,Ministry Of Power,Nhpc Limited,14,0,0,,
GEM/2024/B/5270947,6761811,Active,1,09-08-2024 11:43:59,19-08-2024 13:00:00,Mohammed Raziq Khan,Ministry Of Heavy Industries And Public Enterprises,Bharat Heavy Electricals Limited (bhel),11,2,9,LEADER VALVES LTD (MII) Under PMA,` 315359.00
GEM/2024/B/5289187,6781940,Active,70,14-08-2024 17:30:19,26-08-2024 14:00:00,Saurabh Pathak,Ministry Of Petroleum And Natural Gas,Indian Oil Corporation Limited,18,0,0,,
GEM/2024/R/404987,7105877,,8,,,Sujatha V K,Pmo,Directorate Of Purchase And Stores,0,0,0,VALVEQUIP ENGENEERING CORPORATION (MSE) Under PMA,` 127440.00
GEM/2024/B/5304795,6799297,Active,30,22-08-2024 17:23:14,16-09-2024 10:00:00,Piyush Kumar Srivastava,Ministry Of Power,Damodar Valley Corporation,11,0,0,,
GEM/2024/R/403748,7094745,,27,,,Tanmay Dave,Ministry Of Heavy Industries And Public Enterprises,Bharat Heavy Electricals Limited (bhel),0,0,0,N/A,N/A
GEM/2024/R/399545,7055857,,1,,,Pralay Shankar Mohanty,Ministry Of Heavy Industries And Public Enterprises,Bharat Heavy Electricals Limited (bhel),0,0,0,VALVE TECH INDUSTRIES (MII) Under PMA,` 309000.00
GEM/2024/B/5373828,6876132,Active,209,08-09-2024 16:24:50,18-09-2024 17:00:00,Munshi Singh,,E-nagar Palika Government Of Madhya Pradesh,6,4,2,GRANTH ENTERPRISES Under PMA,` 1962500.00
GEM/2024/B/5369093,6870927,Active,65,06-09-2024 12:16:44,16-09-2024 13:00:00,Aniket Wadnerkar,Ministry Of Steel,Bhilai Steel Plant,7,5,2,CRAWLEY & RAY (FOUNDERS & ENGINEERS) PVT LTD ( MSE Social Category:General ) Under PMA,` 377016.75
GEM/2024/B/5346045,6845116,Active,20,03-09-2024 18:02:54,25-11-2024 11:00:00,Sonudeep,Ministry Of Power,Power Grid Corporation Of India Limited,3,2,1,M/S CHANDEL ASSOCIATES Under PMA,` 306693.00
GEM/2024/B/5375665,6878256,Active,2,11-09-2024 15:49:56,03-10-2024 16:00:00,Vijya Prasad,Ministry Of Power,Bokaro Power Supply Company Private Limited,11,1,10,N/A,N/A
GEM/2024/B/5403265,6909079,Active,2,16-09-2024 11:11:29,26-09-2024 12:00:00,Namasri Banerjee,Ministry Of Steel,Iisco Steel Plant,22,9,13,AQUA ENGINEERING (MSE) ( MSE Social Category:General ) Under PMA,` 168271.19
GEM/2024/B/5370906,6872908,Active,4,12-09-2024 17:09:43,03-10-2024 14:00:00,Hemant Kishan Munde,Ministry Of Chemicals And Fertilizers,Rashtriya Chemicals And Fertilizers Limited (rcf),14,1,13,"AEGIS VALVES INDUSTRIES PRIVATE LIMITED (MSE,MII) ( MSE Social Category:OBC ) Under PMA",` 1722800.00
GEM/2024/B/5362444,6863564,Active,30,13-09-2024 10:32:56,05-10-2024 09:00:00,Rahul Kumar Thakur,Ministry Of Mines,"National Aluminium Company Limited, Bhubaneswar",4,0,0,,
GEM/2024/B/5401637,6907230,Active,14,14-09-2024 17:11:25,24-09-2024 18:00:00,***********,Ministry Of Defence,Bharat Earth Movers Limited (beml),0,0,0,N/A,N/A
GEM/2024/B/5400468,6905896,Active,30,14-09-2024 17:00:40,08-10-2024 15:00:00,Monjit Doley,Ministry Of Petroleum And Natural Gas,Gail India Limited,18,0,0,,
GEM/2024/B/5538173,7059884,Active,154,29-10-2024 10:44:44,26-11-2024 11:00:00,Mehebub Alam,Ministry Of Power,Damodar Valley Corporation,32,0,0,,
GEM/2024/B/5619843,7152025,Active,80,19-11-2024 16:15:01,10-12-2024 16:00:00,Debajit Chakraborty,Ministry Of Petroleum And Natural Gas,Oil And Natural Gas Corporation Limited,2,2,0,S K ENTERPRISE Under PMA,` 312032.00
GEM/2024/B/5624801,7157551,Active,23,19-11-2024 17:06:02,09-12-2024 14:00:00,Mohit Gupta,Ministry Of Chemicals And Fertilizers,National Fertilizers Limited (nfl),0,0,0,N/A,N/A
GEM/2024/B/5624554,7157283,Active,1,19-11-2024 16:38:00,18-12-2024 13:00:00,Aniket Wadnerkar,Ministry Of Steel,Bhilai Steel Plant,10,5,5,METROPOLITAN INDUSTRIES ( MSE Social Category:General ) Under PMA,` 149101.00
GEM/2025/R/484572,7807525,,16,,,***********,Ministry Of Defence,Indian Navy,0,0,0,N/A,N/A
GEM/2024/B/5658377,7194788,Active,49,27-11-2024 16:47:59,10-12-2024 17:00:00,Vivek Barik,Ministry Of Steel,Durgapur Steel Plant,15,0,0,,
GEM/2024/B/5633390,7167114,Active,3,25-11-2024 13:13:26,10-12-2024 14:00:00,Karuna Kant Pandey,,N/a,7,3,4,PARAZ ENTERPRISES Under PMA,` 99300.00
GEM/2024/B/5669357,7207494,Active,85,06-12-2024 17:05:39,27-12-2024 15:00:00,Nand Lal Chayal,Ministry Of Petroleum And Natural Gas,Oil And Natural Gas Corporation Limited,13,5,8,PAREKH ENGINEERING COMPANY Under PMA,` 280051.00
GEM/2024/B/5666781,7204587,Active,64,06-12-2024 09:00:27,16-12-2024 09:00:00,Anish Kumar Srivastava,Ministry Of Heavy Industries And Public Enterprises,Bharat Heavy Electricals Limited (bhel),12,1,11,A V VALVES LTD (MSE) ( MSE Social Category:General ) Under PMA,` 111728.81
GEM/2024/B/5656255,7192510,Active,14,28-11-2024 14:45:18,19-12-2024 15:00:00,Amit Kumar Jaiswal,Ministry Of Coal,South Eastern Coalfields Limited,3,0,0,,
GEM/2024/B/5665338,7202986,Active,290,05-12-2024 16:56:25,26-12-2024 17:00:00,Bandana Chakrabarty,,N/a,6,0,0,,
GEM/2024/B/5671218,7209500,Active,185,06-12-2024 16:50:23,09-01-2025 15:00:00,Awadhesh Lal Gupta,Ministry Of Mines,"National Aluminium Company Limited, Bhubaneswar",13,0,0,,
GEM/2024/B/5673347,7211774,Active,132,07-12-2024 09:52:03,06-01-2025 19:00:00,Utpal Saha,Ministry Of Heavy Industries And Public Enterprises,Bridge And Roof Company (india) Limited,4,2,2,FLUID CONTROLS LTD (MII) Under PMA,` 2603256.00
GEM/2024/B/5764896,7314617,Active,18,31-12-2024 09:57:36,20-01-2025 16:00:00,Rajesh Kumar Ojha,Ministry Of Petroleum And Natural Gas,Oil And Natural Gas Corporation Limited,4,4,0,OSKAR INDUSTRIES (MSE) ( MSE Social Category:General ) Under PMA,` 32684.00
GEM/2025/B/5790369,7343560,Active,3,07-01-2025 12:46:28,24-01-2025 17:00:00,Makwana Kishan Arajanbhai,Ministry Of Petroleum And Natural Gas,Indian Oil Corporation Limited,21,18,3,"OCEAN VALVES MFG. CO (MSE,MII) ( MSE Social Category:General ) Under PMA",` 397086.00
GEM/2025/B/5837990,7396741,Active,150,18-01-2025 15:54:33,28-01-2025 16:00:00,***********,Ministry Of Defence,Munitions India Limited,4,0,0,,
GEM/2025/R/482232,7782608,,98,,,Monika Padhi,Ministry Of Steel,Nmdc Steel Limited,0,0,0,"MALEK ENGINEERING WORKS (MSE,MII) Under PMA",` 489020.00
GEM/2025/B/5786435,7339023,Active,95,09-01-2025 15:34:26,20-02-2025 17:00:00,Sudhir Kumar,Ministry Of Power,Damodar Valley Corporation,25,0,0,,
GEM/2025/B/5800219,7354607,Active,7,09-01-2025 16:40:01,23-01-2025 15:00:00,Makwana Kishan Arajanbhai,Ministry Of Petroleum And Natural Gas,Indian Oil Corporation Limited,14,0,0,,
GEM/2025/B/5807573,7362711,Active,8,10-01-2025 17:52:03,07-02-2025 15:00:00,Shashank Shekhar,Ministry Of Petroleum And Natural Gas,Indian Oil Corporation Limited,6,0,0,,
GEM/2025/B/5804891,7359778,Active,10,10-01-2025 17:52:03,31-01-2025 15:00:00,Yasobanta Rout,Ministry Of Mines,Hindustan Copper Limited,17,9,8,"G.M. DALUI & SONS PRIVATE LIMITED (MSE,MII) ( MSE Social Category:General ) Under PMA",` 53812.72
GEM/2025/R/448296,7500234,,37,,,***********,Ministry Of Defence,Indian Army,0,0,0,S.A.A. TRADERS (MII) Under PMA,` 341430.00
GEM/2025/B/5817306,7373762,Active,77,15-01-2025 16:03:35,25-01-2025 17:00:00,Moolchandra Singh,,E-municipalities - Eservices To Citizens And Employees Of Urban Local Bodies Of Uttar Pradesh,9,3,6,AANYA ELECTRICAL PRIVATE LIMITED Under PMA,` 3792500.00
GEM/2025/R/464173,7629279,,8,,,Neeraj Kumar,Ministry Of Power,Damodar Valley Corporation,0,0,0,"FLUID VALVE MANUFACTURING COMPANY (MSE,MII) Under PMA",` 1136000.00
GEM/2025/B/5820906,7377725,Active,222,15-01-2025 10:56:46,05-02-2025 09:00:00,Krishna Namdev Phad,Ministry Of Mines,"National Aluminium Company Limited, Bhubaneswar",11,0,0,,
GEM/2025/B/5908185,7475485,Active,70,04-02-2025 16:15:21,03-03-2025 15:00:00,***********,Ministry Of Defence,Goa Shipyard Limited,10,0,0,,
GEM/2025/B/5891270,7456342,Active,8,04-02-2025 16:44:51,14-02-2025 17:00:00,Surendar Kumar Sharma,,Nagar Palika Parishad Shahganj Jaunpur,10,3,7,UTKARSH ENTERPRISES Under PMA,` 438400.00
GEM/2025/R/473615,7695657,,4,,,Rahul Roy,Ministry Of Steel,Iisco Steel Plant,0,0,0,"SUDIP ENGINEERING (MSE,MII) Under PMA",` 777966.10
GEM/2025/R/473101,7691934,,4,,,Sibnath Bera,Ministry Of Steel,Rourkela Steel Plant,0,0,0,"H R VALVE (MSE,MII) Under PMA",` 384745.76
GEM/2025/B/5932842,7503262,Active,48,15-02-2025 11:51:04,08-03-2025 12:00:00,Ashok Kumar Prasad,Ministry Of Power,Nhpc Limited,12,3,9,"NUPRO ENGINEERING SYNDICATE PVT LTD (MSE,MII) ( MSE Social Category:General ) Under PMA",` 420264.00
GEM/2025/B/6153137,7754102,Active,64,26-04-2025 19:01:42,06-05-2025 20:00:00,Mandar Ramesh Patil,Ministry Of Coal,Western Coalfields Limited,10,0,0,,
GEM/2025/B/6108006,7704299,Active,172,16-04-2025 13:29:01,07-05-2025 11:00:00,Rajendra Narayana Patel,Ministry Of Coal,Mahanadi Coalfields Limited,5,0,0,,
GEM/2025/B/6173241,7776397,Active,2,28-04-2025 14:01:50,08-05-2025 15:00:00,Shubham Kumar Deshmukh,Ministry Of Steel,Bhilai Steel Plant,6,3,3,VALVE TECH INDUSTRIES ( MSE Social Category:General ) Under PMA,` 270000.00
GEM/2025/B/6139411,7738912,Active,17,21-04-2025 16:55:55,12-05-2025 17:00:00,Saurabh Kumar,Ministry Of Mines,"National Aluminium Company Limited, Bhubaneswar",39,0,0,,
GEM/2025/B/6118810,7716239,Active,22,24-04-2025 15:33:04,17-05-2025 11:00:00,Videha Avadhoot Pathre,Pmo,Nuclear Power Corporation Of India Limited,16,7,9,"QUALITY VALVE CO (MSE,MII) ( MSE Social Category:General ) Under PMA",` 931964.00
GEM/2025/B/6174028,7777285,Active,10,26-04-2025 12:05:34,17-05-2025 13:00:00,Mananjay Kumar,Ministry Of Power,Ntpc Limited,29,28,1,YAMAC VALVES (MSE) ( MSE Social Category:General ) Under PMA,` 129446.00
GEM/2025/B/6218201,7826053,Active,55,09-05-2025 19:11:02,23-05-2025 14:00:00,Shubham Kumar Deshmukh,Ministry Of Steel,Bhilai Steel Plant,10,7,3,CRAWLEY & RAY (FOUNDERS & ENGINEERS) PVT LTD ( MSE Social Category:General ) Under PMA,` 283788.14
GEM/2025/R/528294,8206760,,34,,,Ashish Gupta,Ministry Of Heavy Industries And Public Enterprises,Bharat Heavy Electricals Limited (bhel),0,0,0,"ARH FLOW CONTROLS (MSE,MII) Under PMA",` 43177.12
GEM/2025/B/6245536,7856380,Active,20,19-05-2025 10:50:11,29-05-2025 15:00:00,Shubham Kumar Deshmukh,Ministry Of Steel,Bhilai Steel Plant,8,5,3,S & M INDUSTRIAL VALVES LIMITED ( MSE Social Category:General ) Under PMA,` 119796.61
GEM/2025/B/6254900,7866861,Active,24,20-05-2025 18:06:18,05-06-2025 09:00:00,Shubham Kumar Deshmukh,Ministry Of Steel,Bhilai Steel Plant,16,0,0,,
GEM/2025/B/6114534,7711384,Active,138,04-04-2025 18:35:51,14-04-2025 19:00:00,Yamini Tamrakar,Ministry Of Steel,Bhilai Steel Plant,13,0,0,,
GEM/2025/B/6029007,7612404,Active,90,29-03-2025 16:05:06,15-04-2025 11:00:00,Finny John,Pmo,Nuclear Power Corporation Of India Limited,3,0,0,,
GEM/2025/B/6084162,7676993,Active,24,25-03-2025 17:30:52,15-04-2025 20:00:00,Pradeep Kumar.n,Ministry Of Coal,Mahanadi Coalfields Limited,13,0,0,,
GEM/2025/B/6095515,7690059,Active,3,01-04-2025 11:37:39,22-04-2025 10:00:00,Sweta Kumari Sinha,Pmo,Irel (india) Limited,18,3,15,AIRA EURO AUTOMATION PRIVATE LIMITED Under PMA,` 475752.00
GEM/2025/B/6151449,7752184,Active,14,19-04-2025 11:47:19,29-04-2025 14:00:00,Srinivasa Rao Muppuri,Ministry Of Heavy Industries And Public Enterprises,Bharat Heavy Electricals Limited (bhel),8,8,0,"OMVAL CONTROLS PRIVATE LIMITED (MSE,MII) ( MSE Social Category:General ) Under PMA",` 18669.49
GEM/2025/B/6436724,8070955,Active,134,15-07-2025 18:49:09,05-08-2025 19:00:00,Vivek Saraswat,Ministry Of Coal,South Eastern Coalfields Limited,13,0,0,,
GEM/2025/B/6197391,7803156,Active,396,12-05-2025 11:21:35,02-06-2025 10:00:00,Amit Kumar Giri,Ministry Of Coal,Northern Coalfields Limited,4,0,0,,
GEM/2025/B/6282419,7897416,Active,6,28-05-2025 19:49:06,14-06-2025 10:00:00,Kuldeep Kumar Tamar,,N/a,10,4,6,M/S BHAGWATI TRADERS Under PMA,` 402900.00
GEM/2025/B/6244640,7855373,Active,14,31-05-2025 13:07:27,10-06-2025 14:00:00,Sukrat Sharan,,N/a,8,3,5,KANHA ENTERPRISES Under PMA,` 872383.00
GEM/2025/B/6277197,7891707,Active,16,27-05-2025 09:53:36,17-06-2025 10:00:00,Mausoom Choudhury,Ministry Of Petroleum And Natural Gas,Brahmaputra Cracker And Polymer Limited,4,2,2,DELVAL FLOW CONTROLS PRIVATE LIMITED Under PMA,` 347246.00
GEM/2025/B/6311863,7930310,Active,180,05-06-2025 16:17:50,26-06-2025 13:00:00,Adarsh Ranjan Padhy,Ministry Of Petroleum And Natural Gas,Oil India Limited,18,0,0,,
GEM/2025/B/6372892,7998864,Active,4,23-06-2025 11:11:04,03-07-2025 12:00:00,Sumanto Mukherjee,Ministry Of Steel,Iisco Steel Plant,17,0,0,,
GEM/2025/R/580208,8625727,,280,,,Vivek Kumar Sahu,Ministry Of Mines,"National Aluminium Company Limited, Bhubaneswar",0,0,0,"GETWAY VALVES PRIVATE LIMITED (MSE,MII) Under PMA",` 1172000.00
GEM/2025/B/6429382,8062825,Active,12,08-07-2025 16:45:37,18-07-2025 17:00:00,Mahesh Chandra,,E-municipalities - Eservices To Citizens And Employees Of Urban Local Bodies Of Uttar Pradesh,5,5,0,POLINE TECHNOLOGIES PRIVATE LIMITED ( MSE Social Category:General ) Under PMA,` 70140.00
GEM/2024/B/5571913,7097854,Active,328,08-11-2024 09:24:34,16-12-2024 18:00:00,Mahendra Singh,Ministry Of Steel,Bokaro Steel Plant,25,0,0,,
GEM/2025/B/5984327,7561225,Active,100,26-02-2025 18:17:02,10-03-2025 11:00:00,Abhishek Singh,Ministry Of Coal,Northern Coalfields Limited,3,0,0,,
GEM/2025/B/5981630,7558211,Active,124,25-02-2025 19:59:32,18-03-2025 11:00:00,R Vijay Krishnan,Ministry Of Coal,Mahanadi Coalfields Limited,6,0,0,,
GEM/2025/B/6548859,8197727,Active,12,07-08-2025 20:11:41,18-08-2025 14:00:00,S Leela Shankar Meena,Pmo,Directorate Of Purchase And Stores,8,7,1,GETWAY VALVES PRIVATE LIMITED (MII) Under PMA,` 408864.00
GEM/2024/B/5588518,7116466,Active,1,08-11-2024 15:54:32,23-11-2024 16:00:00,Hirenbhai Arvindbhai Patel,,Directorate Of Employment & Training,7,7,0,G.M. DALUI & SONS PRIVATE LIMITED ( MSE Social Category:General ) Under PMA,` 8420.48
GEM/2024/B/5055825,6525408,Active,58,22-06-2024 18:15:14,03-07-2024 12:00:00,Bhavesh Silawat,Ministry Of Coal,South Eastern Coalfields Limited,8,0,0,,
GEM/2024/B/5443022,6953314,Active,3,26-09-2024 13:13:42,14-10-2024 13:00:00,Aniket Wadnerkar,Ministry Of Steel,Bhilai Steel Plant,4,3,1,G.M. DALUI & SONS PRIVATE LIMITED ( MSE Social Category:General ) Under PMA,` 198788.70
GEM/2024/B/5349255,6848866,Active,52,02-09-2024 09:57:51,12-09-2024 13:00:00,Yamini Tamrakar,Ministry Of Steel,Bhilai Steel Plant,8,0,0,,
GEM/2025/R/537911,8284690,,50,,,Chiragkumar Parekh,,N/a,0,0,0,H R Enterprise Under PMA,` 549800.00
GEM/2025/B/6545840,8194381,Active,205,09-08-2025 10:25:27,27-09-2025 16:00:00,Mayank Tiwari,Ministry Of Steel,Nmdc Limited,36,0,0,,
GEM/2025/B/6621230,8280253,Active,126,28-08-2025 18:46:19,08-09-2025 19:00:00,***********,Ministry Of Defence,Indian Army,6,0,0,,
GEM/2025/B/6692136,8360939,Active,229,19-09-2025 19:13:45,07-10-2025 19:00:00,Rishabh Maheshwari,Ministry Of Steel,Bokaro Steel Plant,39,0,0,,
GEM/2025/B/6771136,8451399,Active,381,10-10-2025 16:46:08,28-10-2025 11:00:00,Raakhul N C,Ministry Of Coal,Bharat Coking Coal Limited,6,0,0,,
GEM/2025/B/6747764,8424454,Active,23,09-10-2025 10:52:45,24-10-2025 11:00:00,Raj Kumar Yadav,,E-municipalities - Eservices To Citizens And Employees Of Urban Local Bodies Of Uttar Pradesh,14,3,11,liipix technology Under PMA,` 772766.00
GEM/2025/B/6776738,8457762,Active,101,13-10-2025 14:30:30,27-10-2025 11:00:00,Abirbira Samal,Ministry Of Coal,Eastern Coalfields Limited,6,0,0,,
GEM/2025/B/6823023,8510437,Active,38,25-10-2025 10:23:23,06-11-2025 11:00:00,Deepak Kumar Behera,Ministry Of Steel,Rourkela Steel Plant,12,3,9,KUNJAV MACHINERY & MFG CO (MII) Under PMA,` 938622.03
GEM/2025/B/6741193,8416956,Active,46,26-10-2025 14:20:44,17-11-2025 15:00:00,N.a. Suresh,Ministry Of Coal,Nlc Tamil Nadu Power Limited,22,22,0,SAMRAT ENGINEERING (MSE) ( MSE Social Category:General ) Under PMA,` 120652.64
GEM/2025/B/6835904,8525295,Active,5,07-11-2025 13:04:07,17-11-2025 14:00:00,Mahendra Kumar,,E-municipalities - Eservices To Citizens And Employees Of Urban Local Bodies Of Uttar Pradesh,8,3,5,AVNI TRADERS Under PMA,` 173500.00
GEM/2025/B/6874050,8569241,Active,740,11-11-2025 14:25:01,05-12-2025 17:00:00,Raj Rishabh Sinku,Ministry Of Heavy Industries And Public Enterprises,Bharat Heavy Electricals Limited (bhel),25,0,0,,
GEM/2025/B/6876977,8572586,Active,30,12-11-2025 13:26:33,27-11-2025 14:00:00,Amit Kumar Jaiswal,Ministry Of Coal,South Eastern Coalfields Limited,5,0,0,,
GEM/2025/B/6936608,8640355,Active,25,26-11-2025 20:45:14,06-12-2025 21:00:00,Manoj Kumar,,E-nagar Palika Government Of Madhya Pradesh,4,4,0,SHRI SAI TRADERS ( MSE Social Category:General ) Under PMA,` 498485.00
GEM/2025/B/6863694,8557312,Active,4,15-11-2025 15:56:42,22-12-2025 11:00:00,Arvind Shivaji Lakade,Pmo,Nuclear Power Corporation Of India Limited,3,1,2,FAIRTECH ENGINEERS INDIA PRIVATE LIMITED Under PMA,` 279922.00
GEM/2025/B/6968298,8676367,Active,73,16-12-2025 14:23:57,06-01-2026 17:00:00,Umesh Lahanu Chaudhari,Ministry Of Petroleum And Natural Gas,Oil And Natural Gas Corporation Limited,24,7,17,PHIXER VALVES (MSE) ( MSE Social Category:General ) Under PMA,` 122859.00
GEM/2026/B/7129160,8860951,Active,40,20-01-2026 17:30:00,31-01-2026 15:00:00,Anuj Agarwal,,N/a,7,0,0,,
GEM/2025/B/6946447,8651464,Active,184,13-01-2026 12:04:57,10-02-2026 14:00:00,Bhavesh Silawat,Ministry Of Coal,South Eastern Coalfields Limited,4,0,0,,
GEM/2026/B/7065783,8788226,Active,83,08-01-2026 10:30:21,05-02-2026 11:00:00,Keerthi Coca,Ministry Of Steel,Rashtriya Ispat Nigam Limited,21,0,0,,
GEM/2026/B/7155121,8890528,Active,18,27-01-2026 16:39:08,11-02-2026 09:00:00,Sumit Das Sarkar,Ministry Of Heavy Industries And Public Enterprises,Bharat Heavy Electricals Limited (bhel),11,0,0,,
GEM/2026/B/7571865,9364777,Active,109,22-05-2026 10:42:44,01-06-2026 11:00:00,Sumanto Mukherjee,Ministry Of Steel,Iisco Steel Plant,33,0,0,,
GEM/2026/B/7546169,9336009,Active,48,22-05-2026 10:16:53,01-06-2026 11:00:00,Laxmi Kumari Meena,Ministry Of Power,Aravali Power Company Private Limited,6,0,0,,
GEM/2026/R/677550,9424221,,80,,,***********,Ministry Of Defence,Bharat Electronics Limited (bel),0,0,0,N/A,N/A
GEM/2026/B/7494635,9278923,Active,32,18-05-2026 13:11:38,02-06-2026 14:00:00,Ajay Pratap Singh,,Uttar Pradesh Rajya Vidyut Utpadan Nigam Limited (uprvunl) Lucknow,1,1,0,SHREE GAJANAND POWER SYSTEMS ( MSE Social Category:General ) Under PMA,` 1056744.94
GEM/2026/B/7437827,9215677,Active,110,27-04-2026 16:00:00,02-06-2026 11:00:00,Abhijeet Prabhakar Tambe,Pmo,Nuclear Power Corporation Of India Limited,4,2,2,"PERITUS CONTROL EQUIPMENTS PRIVATE LIMITED (MSE,MII) ( MSE Social Category:General ) Under PMA",` 13684996.80
GEM/2026/B/7511874,9298156,Active,1,09-05-2026 14:11:34,02-06-2026 14:00:00,Mundayil Pisharath Vinod,Pmo,Directorate Of Purchase And Stores,1,1,0,SUN TECHNOLOGIES (MII) Under PMA,` 1642613.10
GEM/2026/B/7520784,9307964,Active,150,13-05-2026 16:07:30,03-06-2026 17:00:00,Janipalli Swarna Kumari,Pmo,Directorate Of Purchase And Stores,0,0,0,N/A,N/A
GEM/2026/R/691353,9549661,,26,,,Gireesh Babu A.v,Ministry Of Heavy Industries And Public Enterprises,Bharat Heavy Electricals Limited (bhel),0,0,0,"FLUIR CONTROLS PRIVATE LIMITED (MSE,MII) Under PMA",` 159745.76
GEM/2026/B/7507451,9293314,Active,4,06-05-2026 11:32:30,05-06-2026 12:00:00,M Esakkiappan,Ministry Of Chemicals And Fertilizers,Madras Fertilizers Limited (mfl),42,30,12,"CAIR EUROMATIC AUTOMATION PRIVATE LIMITED (MSE,MII) ( MSE Social Category:General ) Under PMA",` 185911.20
GEM/2026/B/7545257,9335005,Active,1,15-05-2026 13:51:27,05-06-2026 14:00:00,Koustav Sanyal,Ministry Of Petroleum And Natural Gas,Bharat Petroleum Corporation Ltd,8,0,8,N/A,N/A
GEM/2026/B/7587377,9382216,Active,335,26-05-2026 14:53:07,05-06-2026 16:00:00,Tamilselvan,Ministry Of Heavy Industries And Public Enterprises,Andrew Yule Company Limited,6,0,0,,
GEM/2026/B/7467752,9249045,Active,8,06-05-2026 10:35:29,10-06-2026 13:00:00,Keerthi Coca,Ministry Of Steel,Rashtriya Ispat Nigam Limited,0,0,0,N/A,N/A
GEM/2026/B/7571426,9364274,Active,4,22-05-2026 08:45:56,24-06-2026 11:00:00,Harini N,Ministry Of Petroleum And Natural Gas,Chennai Petroleum Corporation Limited,0,0,0,N/A,N/A
GEM/2026/B/7583489,9377844,Active,145,26-05-2026 14:51:02,09-06-2026 17:00:00,Monisha Nath,Ministry Of Steel,Rourkela Steel Plant,11,0,0,,
GEM/2026/B/7575232,9368476,Active,18,25-05-2026 14:46:21,15-06-2026 15:00:00,Jay Rasikkumar Thakkar,Ministry Of Petroleum And Natural Gas,Oil And Natural Gas Corporation Limited,5,5,0,S K ENTERPRISE Under PMA,` 44218.14
GEM/2026/B/7627453,9426994,Active,3,07-06-2026 14:00:30,22-06-2026 15:00:00,Ajay Pratap Singh,,Uttar Pradesh Rajya Vidyut Utpadan Nigam Limited (uprvunl) Lucknow,4,1,3,SIMPLEX SWITCHGEAR PRIVATE LIMITED Under PMA,` 2852349.00
GEM/2026/R/716441,9753747,,3,,,***********,Ministry Of Defence,Munitions India Limited,0,0,0,N/A,N/A
GEM/2026/B/7624082,9423178,Active,171,05-06-2026 18:02:56,22-06-2026 18:00:00,Sitaram Chouhan,,E-nagar Palika Government Of Madhya Pradesh,3,2,1,HIND TRADING CO. Under PMA,` 378560.00
GEM/2026/B/7603083,9399810,Active,2,08-06-2026 16:22:51,26-06-2026 14:00:00,Shanti Bhushan Pandey,Ministry Of Chemicals And Fertilizers,"Joint Venture Of Cil, Ntpc, Iocl, Fcil & Hfcl",0,0,0,N/A,N/A
GEM/2026/B/7611882,9409824,Active,812,02-06-2026 16:43:58,03-07-2026 17:00:00,Om Prakash Soni,Ministry Of Steel,Nmdc Steel Limited,0,0,0,N/A,N/A
GEM/2026/B/7602236,9398853,Active,457,02-06-2026 11:30:06,30-06-2026 18:00:00,Pratik Kumar Shaw,Ministry Of Steel,Nmdc Steel Limited,10,0,0,,
GEM/2026/B/7614901,9413098,Active,2334,03-06-2026 14:36:36,18-07-2026 15:00:00,Varghese Antony K A,"Ministry Of Ports, Shipping And Waterways",Cochin Shipyard Ltd,0,0,0,N/A,N/A
GEM/2026/B/7597127,9393039,Active,11,04-06-2026 14:31:43,02-07-2026 14:00:00,Sweta Kumari Sinha,Pmo,Irel (india) Limited,3,2,1,"VYTAL CONTROLS PRIVATE LIMITED (MSE,MII) ( MSE Social Category:General ) Under PMA",` 1481110.00
GEM/2026/B/7647333,9449201,Active,40,15-06-2026 10:57:36,03-07-2026 12:00:00,Keerthi Coca,Ministry Of Steel,Rashtriya Ispat Nigam Limited,23,0,0,,
GEM/2026/B/7612666,9410661,Active,17,02-06-2026 16:36:54,16-06-2026 17:00:00,Madhusudan Kumar Yadav,Ministry Of Petroleum And Natural Gas,Indian Oil Corporation Limited,0,0,0,N/A,N/A
GEM/2026/B/7657459,9460403,Active,384,12-06-2026 14:32:58,27-06-2026 16:00:00,Vibhuti Paliwal,Ministry Of Heavy Industries And Public Enterprises,Bharat Heavy Electricals Limited (bhel),5,0,0,,
GEM/2026/B/7592275,9387567,Active,152,16-06-2026 19:59:42,27-06-2026 20:00:00,***********,Ministry Of Defence,Indian Army,5,0,5,N/A,N/A
GEM/2026/B/7658779,9461836,Active,73,12-06-2026 16:43:37,03-07-2026 15:00:00,Pushkar Anand,Ministry Of Power,Ntpc Mining Limited,23,0,0,,
GEM/2026/B/7647533,9449423,Active,295,11-06-2026 19:57:29,27-06-2026 21:00:00,***********,Ministry Of Defence,Bharat Earth Movers Limited (beml),1,1,0,"MANSCO FLUIDTEK PRIVATE LIMITED (MSE,MII) ( MSE Social Category:General ) Under PMA",` 252372.50
GEM/2026/B/7522164,9309506,Active,17,22-05-2026 11:48:27,23-06-2026 12:00:00,Gajendra Sejkar,Ministry Of Finance,Security Printing And Minting Corporation Of India Limited (spmcil),17,10,7,N/A,N/A
GEM/2026/B/7655661,9458423,Active,68,12-06-2026 11:55:38,25-06-2026 15:00:00,Praneeth Maxim Noronha,Ministry Of Petroleum And Natural Gas,Hindustan Petroleum Corporation Ltd,12,2,10,LIBRA VALVES INDIA PRIVATE LIMITED (MSE) ( MSE Social Category:General ) Under PMA,` 1186815.00
GEM/2026/B/7644742,9446377,Active,14,10-06-2026 10:47:32,20-06-2026 11:00:00,Gaurav Lamba,Ministry Of Power,Bhakra Beas Management Board,6,6,0,RAMA TRADERS Under PMA,` 22900.00
GEM/2026/B/7618760,9417286,Active,35,03-06-2026 18:06:33,19-06-2026 18:00:00,Ajay Pratap Singh,,Uttar Pradesh Rajya Vidyut Utpadan Nigam Limited (uprvunl) Lucknow,0,0,0,N/A,N/A
GEM/2026/B/7617483,9415912,Active,55,08-06-2026 15:54:20,18-06-2026 16:00:00,Anupama Lakra,Ministry Of Power,Ntpc Limited,7,0,0,,
GEM/2026/B/7571799,9364705,Active,81,22-05-2026 16:08:53,18-06-2026 15:00:00,Shailbala Kumari Taisum,Ministry Of Power,Patratu Vidyut Utpadan Nigam Limited,0,0,0,N/A,N/A
GEM/2026/B/7604636,9401530,Active,50,04-06-2026 09:46:46,15-06-2026 11:00:00,***********,Ministry Of Defence,Indian Army,3,2,1,SHRI RANI SATI ENTERPRISE Under PMA,` 206165.00
GEM/2026/B/7561832,9353595,Active,78,25-05-2026 10:29:41,15-06-2026 11:00:00,Mundayil Pisharath Vinod,Pmo,Directorate Of Purchase And Stores,1,1,0,"HHV THERMAL TECHNOLOGIES PRIVATE LIMITED (MSE,MII) ( MSE Social Category:General ) Under PMA",` 752250.00
GEM/2026/B/7614106,9412222,Active,15,02-06-2026 23:25:48,13-06-2026 09:00:00,Harsh Vardhan,,E-municipalities - Eservices To Citizens And Employees Of Urban Local Bodies Of Uttar Pradesh,0,0,0,N/A,N/A
GEM/2026/B/7553481,9344254,Active,669,18-05-2026 13:35:33,28-05-2026 14:00:00,Yamini Tamrakar,Ministry Of Steel,Bhilai Steel Plant,12,0,0,,
GEM/2026/R/680923,9457031,,786,,,***********,Ministry Of Defence,Indian Army,0,0,0,LAVAKA PRODUCTIONS (MII) Under PMA,` 3913129.00
GEM/2026/B/7681802,9487717,Active,1185,19-06-2026 08:29:01,02-07-2026 12:00:00,Keerthi Coca,Ministry Of Steel,Rashtriya Ispat Nigam Limited,9,0,0,,
GEM/2026/B/7664728,9468674,Active,4,19-06-2026 17:41:08,27-07-2026 21:00:00,Vaibhav Arora,Ministry Of Petroleum And Natural Gas,Iocl- Srpl,0,0,0,N/A,N/A
GEM/2026/B/7687339,9493884,Active,5,22-06-2026 08:55:27,02-07-2026 14:00:00,S Deeptha,Ministry Of Petroleum And Natural Gas,Chennai Petroleum Corporation Limited,1,0,0,,
GEM/2026/B/7674505,9479671,Active,7,17-06-2026 12:08:08,04-07-2026 13:00:00,Sumit Panwar,,N/a,12,0,0,,
GEM/2026/B/7646538,9448332,Active,12,10-06-2026 14:26:36,01-07-2026 14:00:00,Shailesh Prakash Kshirsagar,Ministry Of Chemicals And Fertilizers,Rashtriya Chemicals And Fertilizers Limited (rcf),0,0,0,N/A,N/A
GEM/2026/B/7524626,9312372,Active,47,09-06-2026 17:00:11,01-07-2026 14:00:00,Mundayil Pisharath Vinod,Pmo,Directorate Of Purchase And Stores,0,0,0,N/A,N/A
GEM/2026/B/7553657,9344454,Active,274,18-05-2026 18:32:27,28-05-2026 19:00:00,Yamini Tamrakar,Ministry Of Steel,Bhilai Steel Plant,8,0,0,,
GEM/2026/B/7667011,9471265,Active,45,15-06-2026 17:26:04,08-07-2026 18:00:00,M Coumarane,Ministry Of Coal,Nlc India Limited,2,1,1,JASH ENGINEERING LTD (MII) Under PMA,` 2283300.00
GEM/2026/B/7676651,9482001,Active,1,22-06-2026 14:32:53,14-07-2026 14:00:00,Aalok Aich,Ministry Of Petroleum And Natural Gas,Hindustan Petroleum Corporation Ltd,0,0,0,N/A,N/A
GEM/2026/B/7605570,9402693,Active,1,19-06-2026 09:39:44,17-07-2026 11:00:00,Rama V Prabhu,Pmo,Nuclear Power Corporation Of India Limited,1,0,1,N/A,N/A
GEM/2026/B/7658928,9462004,Active,47,19-06-2026 13:15:34,10-07-2026 15:00:00,Vinay Vanwanshi,Ministry Of Power,Sjvn Limited,1,1,0,INDUSTRIAL SPARES (MII) ( MSE Social Category:General ) Under PMA,` 659196.00
GEM/2026/B/7692034,9499159,Active,11,20-06-2026 17:41:03,06-07-2026 18:00:00,Zubair Saifee,,N/a,14,3,11,ESS ESS TRADERS (MSE) ( MSE Social Category:General ) Under PMA,` 71738.00
GEM/2026/B/7686807,9493304,Active,10,25-06-2026 14:59:35,21-07-2026 11:00:00,Lisa M Lal,Ministry Of Chemicals And Fertilizers,Madras Fertilizers Limited (mfl),0,0,0,N/A,N/A
GEM/2026/B/7687052,9493569,Active,7,25-06-2026 15:01:09,10-07-2026 15:00:00,Lisa M Lal,Ministry Of Chemicals And Fertilizers,Madras Fertilizers Limited (mfl),6,4,2,AIRA EURO AUTOMATION PRIVATE LIMITED Under PMA,` 43533.00
GEM/2026/B/7708478,9517626,Active,64,25-06-2026 00:26:50,11-07-2026 10:00:00,Dileram,,N/a,8,0,0,,
GEM/2026/B/7702284,9510745,Active,24,23-06-2026 17:37:40,11-07-2026 18:00:00,Mukesh Kumar Verma,,N/a,0,0,0,N/A,N/A
GEM/2026/B/7708440,9517581,Active,5,25-06-2026 15:32:51,13-07-2026 15:00:00,Ramya E,Ministry Of Steel,Bhilai Steel Plant,0,0,0,N/A,N/A
GEM/2026/B/7710775,9520188,Active,6,25-06-2026 13:34:31,16-07-2026 18:00:00,***********,Ministry Of Defence,Indian Air Force,4,2,2,MADAN ELETRICALS Under PMA,` 258000.00
GEM/2026/R/704854,9660911,,40,,,Akshaya Kumar Bal,Ministry Of Steel,Rourkela Steel Plant,0,0,0,"MICON VALVES (INDIA) PRIVATE LIMITED (MSE,MII) Under PMA",` 400000.00
GEM/2026/B/7708499,9517650,Active,71,25-06-2026 08:11:37,10-07-2026 09:00:00,Dayaram Kevat,,N/a,5,0,0,,
GEM/2026/B/7716032,9526072,Active,58,26-06-2026 19:39:46,11-07-2026 20:00:00,Mohit Kumar,,N/a,0,0,0,N/A,N/A
GEM/2026/B/7507652,9293538,Active,14,06-05-2026 11:46:19,29-05-2026 11:00:00,Shivam Soni,Ministry Of Power,Bokaro Power Supply Company Private Limited,0,0,0,N/A,N/A
GEM/2026/B/7712921,9522581,Active,345,25-06-2026 18:37:58,16-07-2026 17:00:00,Sumithra P,Ministry Of Petroleum And Natural Gas,Numaligarh Refinery Limited,0,0,0,N/A,N/A
GEM/2026/B/7716021,9526056,Active,15,26-06-2026 20:50:21,17-07-2026 21:00:00,Atharva Sanjay Marodkar,Ministry Of Petroleum And Natural Gas,Bharat Petroleum Corporation Ltd,0,0,0,N/A,N/A
GEM/2026/B/7703516,9512124,Active,10,24-06-2026 12:22:10,15-07-2026 15:00:00,Yasobanta Rout,Ministry Of Mines,Hindustan Copper Limited,0,0,0,N/A,N/A
GEM/2026/B/7725902,9537631,Active,108,30-06-2026 13:37:33,06-08-2026 15:00:00,Ajai Kumar Srivastava,,U P State Sugar Corporation Ltd,0,0,0,N/A,N/A
GEM/2026/B/7714963,9524907,Active,74,26-06-2026 17:03:05,17-07-2026 17:00:00,Ashish Gupta,Ministry Of Heavy Industries And Public Enterprises,Bharat Heavy Electricals Limited (bhel),0,0,0,N/A,N/A
GEM/2026/B/7746182,9560455,Active,35,04-07-2026 14:46:04,20-07-2026 15:00:00,Anish Kumar Srivastava,Ministry Of Heavy Industries And Public Enterprises,Bharat Heavy Electricals Limited (bhel),5,1,4,"ASIAN INDUSTRIAL VALVES AND INSTRUMENTS (MSE,MII) ( MSE Social Category:OBC ) Under PMA",` 1251694.92
GEM/2026/B/7746705,9561035,Active,131,04-07-2026 16:32:48,18-07-2026 18:00:00,Anil Kumar Singh,Ministry Of Heavy Industries And Public Enterprises,Bharat Heavy Electricals Limited (bhel),0,0,0,N/A,N/A
GEM/2026/B/7718508,9528933,Active,66,27-06-2026 17:34:42,14-07-2026 16:00:00,Narendra Kumar,,N/a,11,7,4,ESS ESS TRADERS ( MSE Social Category:General ) Under PMA,` 466529.00
GEM/2026/B/7736890,9549935,Active,5,02-07-2026 16:05:33,13-07-2026 17:00:00,Arindam Das,Ministry Of Steel,Iisco Steel Plant,0,0,0,N/A,N/A
GEM/2026/B/7708204,9517313,Active,2,26-06-2026 21:13:17,17-07-2026 11:00:00,Bhaiya Ram Patel,,Uttar Pradesh Rajya Vidyut Utpadan Nigam Limited (uprvunl) Lucknow,0,0,0,N/A,N/A
GEM/2026/B/7664591,9468530,Active,62,22-06-2026 16:49:43,21-07-2026 21:00:00,Balai Chandra Kar,Ministry Of Power,Ntpc Limited,0,0,0,N/A,N/A
GEM/2026/B/7771774,9589409,Active,75,14-07-2026 10:17:32,25-07-2026 11:00:00,Keerthi Coca,Ministry Of Steel,Rashtriya Ispat Nigam Limited,0,0,0,N/A,N/A
GEM/2026/B/7730297,9542550,Active,36,02-07-2026 16:45:30,22-07-2026 15:00:00,Yasobanta Rout,Ministry Of Mines,Hindustan Copper Limited,0,0,0,N/A,N/A
GEM/2026/B/7801066,9622633,Active,2,17-07-2026 14:02:39,30-07-2026 15:00:00,Kalpeshkumar Anilkumar Patel,,Directorate Of Employment & Training,0,0,0,N/A,N/A
GEM/2026/B/7815185,9639061,Active,25,21-07-2026 14:42:02,31-07-2026 17:00:00,***********,Ministry Of Defence,Bharat Earth Movers Limited (beml),1,1,0,HANSA-FLEX INDIA PRIVATE LIMITED (MSE) ( MSE Social Category:General ) Under PMA,` 40175.00
GEM/2026/B/7814604,9638402,Active,1,21-07-2026 13:57:45,08-08-2026 15:00:00,Pralay Shankar Mohanty,Ministry Of Heavy Industries And Public Enterprises,Bharat Heavy Electricals Limited (bhel),0,0,0,N/A,N/A
GEM/2026/B/7802250,9623934,Active,94,17-07-2026 16:32:50,27-07-2026 17:00:00,Pradeep Kumar,,N/a,0,0,0,N/A,N/A
GEM/2026/B/7736512,9549510,Active,51,04-07-2026 12:31:26,27-07-2026 14:00:00,Janipalli Swarna Kumari,Pmo,Directorate Of Purchase And Stores,0,0,0,N/A,N/A
GEM/2026/B/7800968,9622523,Active,4,17-07-2026 13:48:57,27-07-2026 14:00:00,Bharat Yadav,,Uttar Pradesh Rajya Vidyut Utpadan Nigam Limited (uprvunl) Lucknow,1,1,0,M/S ANJALI ENGINEERING WORKS Under PMA,` 228740.00
GEM/2026/B/7747857,9562338,Active,4,11-07-2026 17:48:26,27-07-2026 13:00:00,Rahul Kumar,Ministry Of Power,Damodar Valley Corporation,0,0,0,N/A,N/A
GEM/2026/B/7792794,9613315,Active,165,15-07-2026 19:04:17,27-07-2026 14:00:00,Sriparna Santra,Ministry Of Steel,Durgapur Steel Plant,0,0,0,N/A,N/A
GEM/2026/B/7780587,9599593,Active,15,16-07-2026 18:15:27,27-07-2026 19:00:00,Aman Kumar,Ministry Of Steel,Bokaro Steel Plant,0,0,0,N/A,N/A
GEM/2026/B/7819002,9643340,Active,71,22-07-2026 11:45:41,01-08-2026 12:00:00,Faraz Moiz,,U P State Sugar Corporation Ltd,0,0,0,N/A,N/A
GEM/2026/B/7742366,9556074,Active,1,15-07-2026 12:04:34,10-08-2026 14:00:00,Bodh Priya Ashok,Ministry Of Power,N/a,0,0,0,N/A,N/A
GEM/2026/B/7694804,9502382,Active,19,13-07-2026 17:21:06,06-08-2026 18:00:00,Akhil Raj,Pmo,Uranium Corporation Of India Limited,0,0,0,N/A,N/A
GEM/2026/B/7790803,9611095,Active,24,18-07-2026 16:54:19,08-08-2026 17:00:00,Km Rashmi,Ministry Of Chemicals And Fertilizers,Rashtriya Chemicals And Fertilizers Limited (rcf),0,0,0,N/A,N/A
